{"Parameters": {"batch_size": 128, "num_epochs": 10, "label": "base_NASNetMobile_with_classifier"}, "Statistics": {"Time_train": 234.579182, "Train_loss": 4.8162050139917865, "Train_accuracy": 0.046063295359611595, "Test_loss": 4.550464143020617, "Test_accuracy": 0.03713380839743505}}