{"Parameters": {"batch_size": 128, "num_epochs": 10, "hidden_layer_sizes": [1024]}, "Statistics": {"Time_train": 577.281667, "Train_loss": 0.10484094882437817, "Train_accuracy": 0.967582106590271, "Test_loss": 1.520285148797107, "Test_accuracy": 0.8307996988296509}}