{"Parameters": {"batch_size": 128, "num_epochs": 15, "hidden_layer_sizes": [768, 384]}, "Statistics": {"Time_train": 720.983039, "Train_loss": 0.11211208441064864, "Train_accuracy": 0.9685247540473938, "Test_loss": 2.1872148751268665, "Test_accuracy": 0.8261282444000244}}