{"Parameters": {"batch_size": 128, "num_epochs": 10, "hidden_layer_sizes": [512]}, "Statistics": {"Time_train": 304.026554, "Train_loss": 0.10167640020408787, "Train_accuracy": 0.9702606201171875, "Test_loss": 1.498957543984728, "Test_accuracy": 0.8238321542739868}}