{"Parameters": {"batch_size": 128, "num_epochs": 15, "hidden_layer_sizes": [1024]}, "Statistics": {"Time_train": 861.370383, "Train_loss": 0.20222715895118942, "Train_accuracy": 0.9547643661499023, "Test_loss": 2.158105890937769, "Test_accuracy": 0.8139351010322571}}