{"Parameters": {"batch_size": 128, "num_epochs": 15, "hidden_layer_sizes": [200]}, "Statistics": {"Time_train": 183.301949, "Train_loss": 0.13099505452305982, "Train_accuracy": 0.9630987644195557, "Test_loss": 1.3422326112114429, "Test_accuracy": 0.8297703862190247}}