{"Parameters": {"batch_size": 128, "num_epochs": 15, "hidden_layer_sizes": [768, 384, 192]}, "Statistics": {"Time_train": 727.806555, "Train_loss": 0.11526812351028282, "Train_accuracy": 0.9663865566253662, "Test_loss": 1.8249378968493295, "Test_accuracy": 0.8144101500511169}}