{"Parameters": {"batch_size": 128, "num_epochs": 10, "hidden_layer_sizes": [1536, 768, 384, 192, 96]}, "Statistics": {"Time_train": 1114.912732, "Train_loss": 0.2080035784545452, "Train_accuracy": 0.9395440816879272, "Test_loss": 1.2409578147051548, "Test_accuracy": 0.7985748052597046}}