{"Parameters": {"batch_size": 128, "num_epochs": 15, "hidden_layer_sizes": [300]}, "Statistics": {"Time_train": 272.882722, "Train_loss": 0.10277726683990009, "Train_accuracy": 0.970708966255188, "Test_loss": 1.5927924356475673, "Test_accuracy": 0.8198733329772949}}