{"Parameters": {"batch_size": 128, "num_epochs": 10, "hidden_layer_sizes": [1536, 768]}, "Statistics": {"Time_train": 1058.444011, "Train_loss": 0.1638205490385623, "Train_accuracy": 0.952936589717865, "Test_loss": 2.1071315756886135, "Test_accuracy": 0.8092636466026306}}