{"Parameters": {"batch_size": 128, "num_epochs": 10, "hidden_layer_sizes": [2304]}, "Statistics": {"Time_train": 1296.767934, "Train_loss": 0.19465974185413917, "Train_accuracy": 0.9579142332077026, "Test_loss": 2.328117448284998, "Test_accuracy": 0.8144893050193787}}