{"Parameters": {"batch_size": 128, "num_epochs": 10, "hidden_layer_sizes": [768, 384]}, "Statistics": {"Time_train": 484.940113, "Train_loss": 0.10804055228264141, "Train_accuracy": 0.9672027230262756, "Test_loss": 1.7375543293835904, "Test_accuracy": 0.8198733329772949}}