{"Parameters": {"batch_size": 128, "num_epochs": 15, "hidden_layer_sizes": [128]}, "Statistics": {"Time_train": 129.354276, "Train_loss": 0.10483068192407471, "Train_accuracy": 0.9698812365531921, "Test_loss": 1.2111648024780262, "Test_accuracy": 0.8388757109642029}}