{"Parameters": {"batch_size": 128, "lr": 0.1, "num_epochs": 20, "hidden_layer_sizes": [768]}, "Statistics": {"Time_train": 850.101551, "Train_loss": 212.75853984542056, "Train_accuracy": 0.9529940485954285, "Test_loss": 3992.3263866916877, "Test_accuracy": 0.838400661945343}}