{"Parameters": {"batch_size": 128, "num_epochs": 10, "hidden_layer_sizes": [768]}, "Statistics": {"Time_train": 427.985504, "Train_loss": 0.15499241298354108, "Train_accuracy": 0.9585235118865967, "Test_loss": 1.6769758919214126, "Test_accuracy": 0.821377694606781}}