{"Parameters": {"batch_size": 128, "lr": 0.1, "num_epochs": 20, "hidden_layer_sizes": [1536, 768, 384, 192, 96]}, "Statistics": {"Time_train": 2225.608144, "Train_loss": 3.7763965297259747, "Train_accuracy": 0.023255813866853714, "Test_loss": 3.806654727185235, "Test_accuracy": 0.00712589081376791}}