{"Parameters": {"batch_size": 128, "lr": 0.1, "num_epochs": 20, "hidden_layer_sizes": [1536]}, "Statistics": {"Time_train": 1674.989718, "Train_loss": 551.5621114109509, "Train_accuracy": 0.9462460875511169, "Test_loss": 10124.018269837441, "Test_accuracy": 0.7984164953231812}}