{"Parameters": {"batch_size": 128, "num_epochs": 10, "regularization_parameter": 0}, "Statistics": {"Time_train": 2067.493594, "Train_loss": 0.006823920957077052, "Train_accuracy": 0.9978043437004089, "Test_loss": 0.2589177048207288, "Test_accuracy": 0.948060154914856}}