{"Parameters": {"batch_size": 128, "num_epochs": 10, "regularization_parameter": 0}, "Statistics": {"Time_train": 1881.058453, "Train_loss": 0.015667849613874383, "Train_accuracy": 0.512031614780426, "Test_loss": 0.011670672628801443, "Test_accuracy": 0.5701712965965271}}