{"Parameters": {"batch_size": 128, "num_epochs": 10, "regularization_parameter": 0}, "Statistics": {"Time_train": 4135.727414, "Train_loss": 0.016182400610777855, "Train_accuracy": 0.48101869225502014, "Test_loss": 0.012344147139306306, "Test_accuracy": 0.5290237665176392}}