{"Parameters": {"batch_size": 128, "num_epochs": 10, "regularization_parameter": 0}, "Statistics": {"Time_train": 783.338311, "Train_loss": 0.03974383119209125, "Train_accuracy": 0.9895159006118774, "Test_loss": 0.7241339220381501, "Test_accuracy": 0.8897862434387207}}