{"Parameters": {"batch_size": 128, "num_epochs": 10}, "Statistics": {"Time_train": 1246.620024, "Train_loss": 0.01695607743828334, "Train_accuracy": 0.634547233581543, "Test_loss": 0.013713743601227363, "Test_accuracy": 0.6576052308082581}}