{"Parameters": {"batch_size": 128, "num_epochs": 10}, "Statistics": {"Time_train": 721.795749, "Train_loss": 0.09109885339829786, "Train_accuracy": 0.9758819937705994, "Test_loss": 0.6664064887489295, "Test_accuracy": 0.8226444721221924}}