{"Parameters": {"batch_size": 128, "num_epochs": 10}, "Statistics": {"Time_train": 689.888223, "Train_loss": 0.08730519719132239, "Train_accuracy": 0.9758590459823608, "Test_loss": 0.6361167944430928, "Test_accuracy": 0.8456056714057922}}