{"Parameters": {"batch_size": 128, "num_epochs": 10}, "Statistics": {"Time_train": 216.44698, "Train_loss": 0.001496889008316696, "Train_accuracy": 0.5904424786567688, "Test_loss": 0.0022051225003424327, "Test_accuracy": 0.6007917523384094}}