{"Parameters": {"batch_size": 128, "num_epochs": 10, "regularization_parameter": 0.0001}, "Statistics": {"Time_train": 702.888044, "Train_loss": 0.14767195843877468, "Train_accuracy": 0.9656278491020203, "Test_loss": 0.5943624018301401, "Test_accuracy": 0.8418843746185303}}