{"Parameters": {"batch_size": 128, "num_epochs": 10}, "Statistics": {"Time_train": 1.683932, "Train_loss": 3.259650993347168, "Train_accuracy": 0.18000000715255737, "Test_loss": 3.7946381187438964, "Test_accuracy": 0.019999999552965164}}