{"Parameters": {"batch_size": 128, "num_epochs": 10}, "Statistics": {"Time_train": 1.60903, "Train_loss": 3.1921484088897705, "Train_accuracy": 0.20000000298023224, "Test_loss": 3.791311264038086, "Test_accuracy": 0.03999999910593033}}