{"Parameters": {"batch_size": 128, "num_epochs": 10}, "Statistics": {"Time_train": 0.705279, "Train_loss": 0.046476776227355, "Train_accuracy": 0.0, "Test_loss": 0.05691980600357056, "Test_accuracy": 0.0}}