{"Parameters": {"batch_size": 128, "num_epochs": 10, "regularization_parameter": 0}, "Statistics": {"Time_train": 1508.725128, "Train_loss": 0.022977910324661177, "Train_accuracy": 0.48551878333091736, "Test_loss": 0.023426441619097477, "Test_accuracy": 0.5114488005638123}}