{"Parameters": {"batch_size": 128, "num_epochs": 1}, "Statistics": {"Time_train": 73.455285, "Train_loss": 0.7030689576212797, "Train_accuracy": 0.8203566074371338, "Test_loss": 0.8964702431587407, "Test_accuracy": 0.7283452153205872}}