{"Parameters": {"batch_size": 128, "num_epochs": 10, "regularization_parameter": 0}, "Statistics": {"Time_train": 102.828218, "Train_loss": 0.19761330336453087, "Train_accuracy": 0.9610870480537415, "Test_loss": 0.582755148505183, "Test_accuracy": 0.8546318411827087}}