{"Parameters": {"batch_size": 128, "num_epochs": 10}, "Statistics": {"Time_train": 689.755736, "Train_loss": 0.14735732465982437, "Train_accuracy": 0.9599999785423279, "Test_loss": 0.38071788892149927, "Test_accuracy": 0.9200000166893005}}