{"Parameters": {"batch_size": 128, "num_epochs": 10, "regularization_parameter": 0.0001}, "Statistics": {"Time_train": 1518.98026, "Train_loss": 0.0533122863441469, "Train_accuracy": 0.33613118529319763, "Test_loss": 0.07507747226495735, "Test_accuracy": 0.3364834487438202}}